ticker,description
USD,"The United States dollar (USD) is the official currency of the United States of America and its territories. It was authorized by the Coinage Act of 1792, which established a decimal currency based on a dollar equaling one hundred cents:contentReference[oaicite:0]{index=0}. Historically, the dollar was originally backed by gold and silver (a bimetallic standard), which the United States maintained until abandoning the gold standard in 1971. The Federal Reserve System was created in 1913 as the nation’s central bank, and Federal Reserve Notes have been the primary form of paper currency ever since:contentReference[oaicite:1]{index=1}. Historically, the dollar played a leading international role: it was central to the Bretton Woods system after World War II and effectively displaced the British pound sterling as the world’s dominant reserve currency. Today, the dollar remains the most widely held reserve currency and is widely used in international trade. The Federal Reserve continues to manage monetary policy and issues Federal Reserve notes, while the U.S. Mint produces coins. The dollar is subdivided into 100 cents. The designs of US coins and notes have evolved, but each edition continues to emphasize national symbols and historical figures. Today, the dollar remains the world’s leading reserve currency and is widely used in international trade."
EUR,"The euro (EUR) is the official currency of the Eurozone, which comprises 20 of the 27 European Union member states. It was introduced as a virtual currency in 1999 and as physical banknotes and coins on 1 January 2002. The euro replaced the former national currencies of member states (e.g., the German mark, French franc, Italian lira) at fixed conversion rates. The European Central Bank (established in 1998) and national central banks of the Eurozone countries are the sole issuers of euro banknotes and coins. The euro is subdivided into 100 cents. It quickly became the second most traded currency and one of the world’s leading reserve currencies, with over €1 trillion in circulation at its peak. The introduction of the euro unified the monetary systems of continental Europe, facilitating trade and investment. The euro is also used by several microstates and is held as a reserve currency by many non-euro countries. It is also held as a reserve currency by many non-euro countries."
JPY,"The Japanese yen (JPY) is the official currency of Japan and the third most traded currency in the world. It was introduced by the New Currency Act of 1871, which defined the yen as equivalent to 24.26 grains (1.5 grams) of gold and replaced the complex system of feudal currencies. The Bank of Japan, established in 1882, is the central bank and has exclusive authority to issue banknotes. The yen circulated on a gold standard (and later a de facto gold exchange standard) until World War II. Under the post-war Bretton Woods system, the yen was pegged to the US dollar at ¥360 per dollar until 1973, when it was allowed to float. Today, the yen floats freely and remains an important reserve currency. The currency symbol is ¥, and it is subdivided into 100 sen (sen coins were discontinued in 1953). The yen is often considered a safe-haven currency during international financial uncertainty."
GBP,"The pound sterling (GBP) is the official currency of the United Kingdom and several of its territories. It is the world’s oldest currency still in use, with continuous usage dating back over a thousand years, and it was the preeminent global currency during the British Empire era. The currency is issued by the Bank of England (established 1694), which is the UK’s central bank and has sole authority to issue banknotes. Historically, the pound was backed by gold until 1931 and later floated after 1971. The pound is subdivided into 100 pence. The UK decimalized the pound in 1971 (moving from shillings and pence to 100 pence per pound). The pound is also colloquially called “sterling,” and pound coins and notes feature the monarch’s profile. It remains one of the most traded currencies and a major reserve currency today."
AUD,"The Australian dollar (AUD) is the official currency of Australia (including some external territories such as Norfolk Island and Christmas Island). It was introduced on 14 February 1966 during decimalization, replacing the Australian pound at a rate of 2 AUD = 1 Australian pound. The currency is subdivided into 100 cents. The Reserve Bank of Australia (established 1959) is the central bank and issues banknotes and coins. The AUD is among the world’s major currencies and was the sixth-most traded currency worldwide in 2022. The Australian dollar is also held as a reserve currency by some countries. Australia’s economy, including its natural resource exports, often influences the AUD’s value in currency markets."
CAD,"The Canadian dollar (CAD) is the official currency of Canada and its territories. It was first introduced in the mid-19th century and became Canada’s sole currency with the establishment of the Bank of Canada in 1935. The currency is subdivided into 100 cents, and coins include the distinctive “loonie” (one dollar) and “toonie” (two dollars). The Canadian dollar is widely used globally: as of 2024, it is the fifth most held reserve currency and is heavily traded. The Bank of Canada issues banknotes and sets monetary policy, aiming to maintain inflation at target levels. Canada’s economy, notably its oil and commodity exports, largely influences the CAD exchange rate."
CHF,"The Swiss franc (CHF) is the official currency of Switzerland and Liechtenstein:contentReference[oaicite:13]{index=13}. It was introduced by a Federal Coinage Act of 1850, which created a unified Swiss currency at parity with the French franc:contentReference[oaicite:14]{index=14}. The Swiss National Bank (established 1907) issues the banknotes, and Swissmint produces coins on behalf of the government. The franc is subdivided into 100 centimes (German: Rappen). Historically, the Swiss franc was on the gold standard and later part of the Latin Monetary Union (1875–1927). It is often viewed as a safe-haven currency and has attracted foreign investment in times of global uncertainty. Switzerland’s strong economy and low inflation help maintain the franc’s strength and reputation."
NZD,"The New Zealand dollar (NZD) is the official currency of New Zealand and its associated states (including the Cook Islands, Niue, Tokelau, and it is used in Pitcairn Islands). It was introduced on 10 July 1967, replacing the New Zealand pound at a rate of 2 NZD = 1 NZ pound when the country decimalized its currency. The NZD is subdivided into 100 cents. The Reserve Bank of New Zealand (established 1934) issues banknotes and coins. The NZD is among the top 10 traded currencies globally, partly due to New Zealand’s open economy and commodity exports. Historically, it was pegged to the British pound and later to the US dollar, but it has floated since the 1980s. The NZD is sometimes informally called the “Kiwi” because of the bird depicted on its one-dollar coin. It floats freely on international markets and is influenced by commodity prices like dairy products."
CNY,"The Chinese renminbi (RMB), commonly called the yuan (CNY), is the official currency of the People’s Republic of China. It is issued by the People’s Bank of China (PBOC). The renminbi was first introduced in December 1948 by the PBOC after Communist victory, replacing the various Nationalist-era currencies. The currency is subdivided into 10 jiao (dime) and 100 fen (cent). Over time, China has gradually internationalized the yuan: in 1993 it was made convertible for trade, and by 2022 it was the world’s fifth-most traded currency. In 2016, the renminbi was added to the IMF’s Special Drawing Rights basket, reflecting its growing global role. The PBOC tightly manages the yuan’s exchange rate via a basket peg to balance economic growth and inflation."
HKD,"The Hong Kong dollar (HKD) is the official currency of Hong Kong. It is issued under a currency board system by the Hong Kong Monetary Authority (HKMA) and features notes issued by three commercial banks (HSBC, Standard Chartered, and Bank of China). The HKD is subdivided into 100 cents. Historically, the HKD was pegged to the British pound, but since 1983 it has been pegged to the US dollar at roughly HK$7.75–7.85 per US$1. The HKD was the ninth-most traded currency in the world as of 2019, reflecting Hong Kong’s role as a global financial center. The currency is fully convertible, supported by ample foreign exchange reserves. Coins and notes feature local symbols such as the bauhinia flower and images of Hong Kong culture."
SGD,"The Singapore dollar (SGD) is the official currency of Singapore (ISO code SGD). It was introduced on 1 June 1967, replacing the Malaya and British Borneo dollar after Singapore separated from Malaysia. The SGD is subdivided into 100 cents. The Monetary Authority of Singapore (MAS, established 1971) is the central bank and sole issuer of Singapore currency:contentReference[oaicite:23]{index=23}. Singapore’s economy and financial system make the SGD a major global currency, ranking about 13th in trading volume as of 2024. Singapore manages the SGD under a unique exchange-rate policy band system. As a global financial hub, Singapore maintains strong currency reserves, and the SGD’s stability is crucial for its economy. Singapore’s central bank publishes an exchange rate policy band and manages the SGD’s path of stable appreciation over time."
SEK,"The Swedish krona (SEK) is the official currency of Sweden. It was introduced on 5 May 1873 as part of the Scandinavian Monetary Union (which also included Denmark and Norway), replacing the riksdaler at a 1:1 ratio. The krona is subdivided into 100 öre (öre coins were discontinued after 2010). Sveriges Riksbank (established 1668) is the central bank that issues the currency; it is the world’s oldest central bank. The krona is a major currency and was ranked ninth in global foreign exchange trading by 2022. Sweden was on the gold standard under the union, but it left gold early in World War I. Sweden has not adopted the euro despite EU membership; a 2003 referendum rejected joining. Sweden maintains an independent monetary policy, and the Riksbank targets inflation."
NOK,"The Norwegian krone (NOK) is the official currency of Norway (including Svalbard and Jan Mayen). It was introduced on 1 January 1875 when Norway joined the Scandinavian Monetary Union, replacing the speciedaler at a rate of 4 kroner = 1 speciedaler:contentReference[oaicite:27]{index=27}. The krone is subdivided into 100 øre (øre coins were phased out in 2012). Norges Bank (established 1816) is Norway’s central bank and issues banknotes and coins. The krone was originally on the gold standard as part of the union. Norway’s large oil reserves help back the krone, making it relatively robust among commodity currencies. The krone is among the G10 currencies and is widely traded internationally. Banknotes and coins feature Norwegian royalty, indigenous motifs, and wildlife."
DKK,"The Danish krone (DKK) is the official currency of Denmark, Greenland, and the Faroe Islands (the latter two use special krone banknotes). It was introduced on 1 January 1875, replacing the rigsdaler at a rate of 2 kroner = 1 rigsdaler after the creation of the Scandinavian Monetary Union. The krone is divided into 100 øre (øre coins are rarely used). Danmarks Nationalbank (established 1818) issues the currency. Denmark maintains a fixed exchange rate policy via the European Exchange Rate Mechanism II: the krone is effectively pegged to the euro at around 7.46 DKK/EUR. Despite EU membership, Denmark has an opt-out from the euro. Banknotes and coins feature Danish cultural figures and maritime themes."
INR,"The Indian rupee (INR) is the official currency of India. The term “rupee” derives from Sanskrit, meaning silver. A silver rupee coin was first minted by Sher Shah Suri in the 16th century (1540–45) and set a standard that lasted for centuries:contentReference[oaicite:31]{index=31}. Under British rule, the rupee became India’s standard currency; it was pegged to the pound sterling and maintained a silver standard. The Reserve Bank of India (established 1935) issues currency notes and coins. India decimalized the rupee in 1957 (1 rupee = 100 paise). After independence, India continued using the rupee, adopting the symbol ₹ in 2010. Today, the rupee floats under an inflation-targeting regime. India’s large population and rapid growth make the rupee a significant emerging-market currency."
RUB,"The Russian ruble (RUB) is the official currency of the Russian Federation. It is issued by the Central Bank of Russia and subdivided into 100 kopecks (though kopeck usage is negligible today). The modern Russian ruble was introduced after the dissolution of the USSR in 1992, replacing the Soviet ruble (initially at par, with a temporary RUR code). In 1998, Russia redenominated the ruble at 1 new ruble = 1,000 old rubles to stabilize the economy. The ruble is one of the world’s oldest currencies, first issued in the 13th century. Russia’s strength in oil and gas heavily influences the ruble’s value, which has seen significant volatility in recent years under economic sanctions. The currency symbol is ₽ (introduced 2013)."
MXN,"The Mexican peso (MXN) is the official currency of Mexico. It is subdivided into 100 centavos. Introduced in 1863, it replaced the colonial real. The Banco de México (established 1925) issues banknotes and coins. The modern Mexican peso was revalued on 1 January 1993 (old pesos to new pesos at 1000:1) after high inflation. Mexico’s sizable economy and active trade with the United States make the peso one of the most traded emerging-market currencies globally. Banknotes feature prominent Mexican leaders (Hidalgo, Juárez, Madero) and historical monuments."
ZAR,"The South African rand (ZAR) is the official currency of South Africa and legal tender in Namibia, Lesotho, and Eswatini through the Common Monetary Area. It was introduced on 14 February 1961, replacing the South African pound at a rate of 2 rand = 1 pound as the country became a republic. The rand is subdivided into 100 cents and is issued by the South African Reserve Bank (established 1921). Its name comes from the Witwatersrand gold mining region. Historically, the rand was pegged to various currencies and floated after 1971. The rand’s symbol is R. The South African Reserve Bank uses inflation targeting, which helps manage rand volatility."
TRY,"The Turkish lira (TRY) is the official currency of Turkey. It is subdivided into 100 kuruş. The currency in its modern form is issued by the Central Bank of the Republic of Turkey (established 1930). The term “lira” dates to the Ottoman lira introduced in 1844, which was divided into 100 kuruş. After World War I and the founding of the republic, the Turkish lira underwent several reforms; the most recent new Turkish lira was introduced in 2005 to remove six zeros. The currency symbol ₺ was introduced in 2016. The lira is one of the more volatile emerging-market currencies and has been affected by high inflation. The Turkish government and central bank frequently adjust economic policy to stabilize the lira."
BRL,"The Brazilian real (BRL) is the official currency of Brazil. It is subdivided into 100 centavos. The currency is issued by the Central Bank of Brazil. The current real was introduced on 1 July 1994 as part of the Plano Real economic stabilization plan, replacing the cruzeiro real at a rate of 1 real = 2,750 cruzeiros reais. This reform curbed decades of high inflation in Brazil. Brazilian banknotes feature national symbols and fauna, while coins carry images of the Republic’s founders. Brazil’s economy is a major commodities exporter, and global commodity prices often influence the real’s value."
KRW,"The South Korean won (KRW) is the official currency of the Republic of Korea. It is subdivided into 100 jeon (jeon are now obsolete). The won is issued by the Bank of Korea (established 1950). In 1962, a new won was reintroduced at a rate of 1 won = 10 hwan, replacing the interim currency after the Korean War. Prior to that, Korea used the won until WWII and the Korean yen during Japanese rule. The won floated freely after 1997 (following the Asian financial crisis). The won’s symbol is ₩, and the Bank of Korea targets low inflation in its monetary policy."
TWD,"The New Taiwan dollar (TWD) is the official currency of Taiwan (Republic of China). It was introduced on 15 June 1949 by the Bank of Taiwan to replace the old Taiwan dollar at a rate of 40,000 old dollars = 1 new dollar, in order to curb hyperinflation. The TWD is subdivided into 100 cents. Since 2000, banknotes and coins have been issued by the Central Bank of the Republic of China (Taiwan). The TWD was once pegged to the US dollar but now floats under a managed exchange rate. Banknotes feature Taiwanese leaders (Sun Yat-sen) and images of progress. The symbol NT$ is often used in international trading."
PLN,"The Polish złoty (PLN) is the official currency of Poland. It is issued by the National Bank of Poland. The złoty was first introduced in 1924 after Poland regained independence, replacing the Polish marka after World War I. After WWII, a new złoty was issued in 1950. In 1995, Poland redenominated the złoty by dropping four zeros (10,000 old złoty = 1 new złoty) to stabilize the economy. The złoty is subdivided into 100 groszy. Poland’s economy is integrated with EU markets, and while Poland plans to adopt the euro, the złoty remains in use. The złoty’s inflation has been moderate under central bank policy."
HUF,"The Hungarian forint (HUF) is the official currency of Hungary. It is issued by the Magyar Nemzeti Bank (Hungary’s central bank). The forint was introduced on 1 August 1946, replacing the pengő at an extreme rate of 1 forint = 400 octillion pengő (to end hyperinflation after WWII). It is subdivided into 100 fillér (fillér coins were withdrawn in 1999). Since the 1990s, Hungary has floated the forint (and since 2001 has used inflation targeting). Hungary plans eventually to adopt the euro, but for now the forint is used domestically."
CZK,"The Czech koruna (CZK) is the official currency of the Czech Republic since 1993. It is issued by the Czech National Bank. The koruna replaced the Czechoslovak koruna at the time of the country’s peaceful dissolution, using existing Czechoslovak banknotes stamped for Czech use in early 1993:contentReference[oaicite:52]{index=52}. The CZK is subdivided into 100 haléřů (haléř coins were discontinued in 2008). Historically, the koruna (first introduced under Austro-Hungary in 1900) was continued after WWI. Today, the Czech Republic floats the koruna under a managed exchange rate, and the government plans to join the eurozone eventually, but no date has been set."
RON,"The Romanian leu (RON) is the official currency of Romania. It is issued by the National Bank of Romania. The current leu, often called the “new leu,” was introduced on 1 July 2005, replacing the old leu at a rate of 10,000:1 to simplify accounting and combat inflation. The leu is subdivided into 100 bani. Romania’s economy has been one of the fastest growing in Eastern Europe post-2000. Romania is a member of the EU and has adopted many eurozone requirements, planning eventual euro adoption, but the leu remains in use."
ARS,"The Argentine peso (ARS) is the official currency of Argentina. It is issued by the Central Bank of Argentina. The current peso (code ARS) was introduced in 1992 (often called the convertible peso), replacing the previous austral at a rate of 10,000 australes = 1 peso. It is subdivided into 100 centavos (centavo coins are now practically worthless due to inflation). Argentina has a history of high inflation and currency changes (prior units were peso ley and peso argentino). Between 1970 and 1991, the currency was the austral, and before that the peso. Since 1992, the peso has floated freely; Argentina often applies currency controls due to inflation, with a parallel black-market rate that can diverge from the official rate."
COP,"The Colombian peso (COP) is the official currency of Colombia. It is issued by the Banco de la República (the Central Bank of Colombia). The peso sign is $ or COL$. It has been used since Colombia’s independence, evolving from the Spanish colonial real. The peso is subdivided into 100 centavos (centavo coins were phased out as inflation rose). Colombia had fixed exchange rate periods in the 20th century, but the peso floats today. The currency remains relatively strong compared to regional peers. Colombia’s economy (oil, coffee, flowers) supports the peso, and exchange rates are managed in line with inflation goals."
CLP,"The Chilean peso (CLP) is the official currency of Chile. It is subdivided into 100 centavos (centavo coins are not used). The current peso was introduced on 29 September 1975, replacing the escudo at a rate of 1,000 escudos = 1 peso. The peso is issued by the Central Bank of Chile. Chile initially pegged its peso in the 1980s, but after a debt crisis in 1982 it floated the currency, and since 1999 Chile has pursued inflation targeting. The Chilean peso is influenced by copper price swings; the central bank sells foreign reserves to stabilize the peso during commodity price changes."
PEN,"The Peruvian sol (PEN) is the official currency of Peru. It is issued by the Central Reserve Bank of Peru. The sol was introduced on 1 July 1991 (as the “nuevo sol”) to replace the inti (which itself had replaced an older sol) at a rate of 1 nuevo sol = 1,000,000 old soles, aiming to stabilize after hyperinflation. The currency is subdivided into 100 céntimos. In 2015, “nuevo” was dropped and it became simply the sol. The sol has remained relatively stable and is widely used; Peru’s economy is relatively dollarized, and miners often price contracts in dollars even domestically."
BDT,"The Bangladeshi taka (BDT) is the official currency of Bangladesh. It is issued by Bangladesh Bank. The taka is subdivided into 100 poisha. The taka was first issued in 1972 after Bangladesh’s independence, replacing the Pakistani rupee. Banknotes were initially stamped “Bangladesh Bank.” Over time, coins and notes in varying denominations were introduced. The taka floated in the 1980s during economic reforms. Today, Bangladesh’s economy has diversified (textiles, services), and the taka is increasingly used in domestic trade. The taka symbol is ৳."
PKR,"The Pakistani rupee (PKR) is the official currency of Pakistan. It is issued by the State Bank of Pakistan. The rupee is subdivided into 100 paise (paisa). It was introduced on 1 July 1949 after the partition of India, replacing the Indian rupee (which had been used in the territory). The rupee symbol ₨ is shared with India’s rupee. Pakistan initially pegged its rupee to the pound sterling, and later to the US dollar, but it has floated since 2008. The rupee experienced devaluations during crises in the 1980s and 1990s. Pakistan’s large population and remittances influence the rupee’s use."
LKR,"The Sri Lankan rupee (LKR) is the official currency of Sri Lanka. It is issued by the Central Bank of Sri Lanka. The rupee is subdivided into 100 cents (ceylons). It was introduced in 1872 to replace the British Indian rupee after Ceylon became a Crown colony. The Sri Lankan rupee was pegged to the pound until 1949, then gradually floated. Sri Lanka officially floated the rupee in 1978. Banknotes and coins feature national heroes, animals, and cultural motifs. The Central Bank of Sri Lanka occasionally issues commemorative coins."
KES,"The Kenyan shilling (KES) is the official currency of Kenya. It is issued by the Central Bank of Kenya. The shilling is subdivided into 100 cents. The shilling was introduced on 14 June 1966, replacing the East African shilling (a common currency of East African territories) at par after Kenya’s independence. It was pegged to the British pound until 1967, then floated and is currently managed with an inflation-targeting policy. The shilling is widely used in East African trade and is one of the region’s largest currencies. Banknotes feature Kenya’s first president and images of wildlife. The shilling symbol is KSh."
NGN,"The Nigerian naira (NGN) is the official currency of Nigeria. It is issued by the Central Bank of Nigeria. The naira is subdivided into 100 kobo. It was introduced on 1 January 1973, replacing the Nigerian pound at a rate of 2 naira = 1 pound. It was part of Nigeria’s move to decimalize its currency. The naira initially was pegged to the US dollar, but since 1999 it has floated and frequently experiences inflation. The naira symbol is ₦. Nigeria’s economy heavily depends on oil exports, so the naira’s value is sensitive to global oil prices."
GHS,"The Ghanaian cedi (GHS) is the official currency of Ghana. It is issued by the Bank of Ghana. The cedi is subdivided into 100 pesewas. The cedi has undergone multiple redenominations: it was introduced in 1965 (replacing the Ghanaian pound) and redenominated in 1967 and 2007 due to inflation. The current cedi (ISO code GHS) replaced the “new cedi” at 10,000:1 in 2007. Ghana’s economy is based on gold, cocoa, and oil exports, and these influence the cedi. Banknotes and coins feature national symbols and figures. The cedi symbol is GH₵."
KWD,"The Kuwaiti dinar (KWD) is the official currency of Kuwait:contentReference[oaicite:67]{index=67}. It is issued by the Central Bank of Kuwait. The dinar is subdivided into 1,000 fils, making it the world’s highest-valued currency unit. The dinar was introduced in 1960, replacing the Gulf rupee; 1 dinar was set equal to 13⅓ rupees:contentReference[oaicite:68]{index=68}. Kuwait’s vast oil reserves back the dinar, contributing to its high value. The currency was pegged to the pound sterling, later switched to a basket of currencies, and is now pegged to the US dollar. The dinar symbol is د.ك."
QAR,"The Qatari riyal (QAR) is the official currency of Qatar. It is issued by the Qatar Central Bank. The riyal is subdivided into 100 dirhams. It was introduced in 1973, with Qatar establishing its monetary agency around the formation of the UAE (both initially sharing the Qatar-Dubai riyal). Since 2001, the Qatari riyal has been pegged to the US dollar at a fixed rate (3.64 QAR = 1 USD). The currency symbol is ر.ق. Qatar’s substantial natural gas and oil exports support the riyal’s strength, and banknotes feature landmarks and national emblems."
SAR,"The Saudi riyal (SAR) is the official currency of Saudi Arabia. It is issued by the Saudi Central Bank (formerly SAMA). The riyal is subdivided into 100 halalas. It was introduced in 1928, replacing various regional currencies after the formation of the Kingdom of Saudi Arabia in 1932. The riyal has been pegged to the US dollar since 1986 (current rate 3.75 SAR = 1 USD), reflecting Saudi Arabia’s oil wealth. The currency symbol is ر.س. Banknotes feature portraits of Saudi kings and national monuments."
OMR,"The Omani rial (OMR) is the official currency of Oman. It is issued by the Central Bank of Oman. The rial is subdivided into 1,000 baisa. It was introduced in 1970 (replacing the Omani Saidi rial) at par, shortly before Oman unified its currency system. Oman’s rial was pegged to the IMF’s Special Drawing Rights (SDR) from 1986 and later to the US dollar (currently approximately 1 OMR = 2.60 USD). The currency symbol is ر.ع. Omani banknotes feature the Sultan and architectural heritage. Oman’s strong economy, driven by oil, underpins the rial’s high value."
BHD,"The Bahraini dinar (BHD) is the official currency of Bahrain. It is issued by the Central Bank of Bahrain. The dinar is subdivided into 1,000 fils, making it one of the highest-valued currency units in the world. The dinar was introduced on 1 October 1965, replacing the Gulf rupee after the dissolution of the sterling area. It was initially pegged to the British pound and later to the US dollar (current peg ~0.376 BHD = 1 USD). The currency symbol is .د.ب. Banknotes feature Bahraini kings and cultural motifs."
PHP,"The Philippine peso (PHP) is the official currency of the Philippines:contentReference[oaicite:76]{index=76}. It is issued by the Bangko Sentral ng Pilipinas (Central Bank of the Philippines). The peso is subdivided into 100 centavos (called "sentimo"). The currency sign is ₱. The peso has origins in the Spanish colonial era; the modern peso was first issued in 1852 by the Spanish governor. The current series of notes and coins were reformed in the 1990s and 2010s (introducing durable polymer notes for higher denominations). Philippine banknotes feature national heroes and historical events."
MYR,"The Malaysian ringgit (MYR) is the official currency of Malaysia:contentReference[oaicite:77]{index=77}. It is issued by Bank Negara Malaysia (the Malaysian central bank). The ringgit is subdivided into 100 sen. The currency was introduced on 12 June 1967 as the Malaysian dollar, replacing the Malaya and British Borneo dollar at par:contentReference[oaicite:78]{index=78}. In 1975, the currency was renamed the ringgit (with RM as the symbol) but retained the ISO code MYR:contentReference[oaicite:79]{index=79}. Malaysia pegged the ringgit to the US dollar from 1998 to 2005; since 2005 it has floated within a managed currency band. The ringgit symbol is RM. Malaysia’s diversified economy (electronics, palm oil, tourism) helps stabilize the ringgit’s value."
IDR,"The Indonesian rupiah (IDR) is the official currency of Indonesia. It is issued by Bank Indonesia (established 1953). The rupiah is subdivided into 100 sen (sen coins are now obsolete). The rupiah was introduced in 1946 by the Indonesian republicans, replacing the Japanese occupation currency and the Dutch East Indies gulden after independence:contentReference[oaicite:80]{index=80}. The currency experienced severe inflation in the 1960s, leading to a reissue in 1965. The rupiah floated in 1978. The currency symbol is Rp. Indonesia’s large economy (natural resources, tourism) makes the rupiah a key Southeast Asian currency."
BGN,"The Bulgarian lev (BGN) is the official currency of Bulgaria:contentReference[oaicite:81]{index=81}. It is issued by the Bulgarian National Bank. The lev is subdivided into 100 stotinki. Bulgaria maintains a currency board arrangement that fixes the lev to the euro at a rate of €1 = 1.95583 BGN:contentReference[oaicite:82]{index=82} (originally pegged to the German mark). This peg provides stability for the economy. The current (third) lev was introduced in 1999 after previous redenomination efforts to counter inflation. The currency symbol is Лв. Bulgarian banknotes feature national heroes and architecture."
AED,"The United Arab Emirates dirham (AED) is the official currency of the UAE:contentReference[oaicite:83]{index=83}. It is issued by the Central Bank of the UAE. The dirham is subdivided into 100 fils. It was introduced on 19 May 1973, replacing the Qatar-Dubai riyal and Bahraini dinar in different emirates:contentReference[oaicite:84]{index=84}. The dirham has been pegged to the US dollar (1 USD ≈ 3.6725 AED) since the late 1980s:contentReference[oaicite:85]{index=85}. The currency symbol is د.إ (Dh). UAE’s high foreign reserves and diversified economy (especially Dubai’s tourism) support the dirham. Banknotes feature UAE leaders and cultural landmarks."
UAH,"The Ukrainian hryvnia (UAH) is the official currency of Ukraine:contentReference[oaicite:86]{index=86}. It is issued by the National Bank of Ukraine. The hryvnia is subdivided into 100 kopiyky. The currency was introduced on 2 September 1996, replacing the karbovanets (which had been used during a period of hyperinflation) at a rate of 1 hryvnia = 100,000 karbovantsi:contentReference[oaicite:87]{index=87}. The currency sign is ₴. Banknotes feature notable Ukrainians (e.g., Volodymyr the Great). The hryvnia floated after the 2000s, and since Ukraine’s conflicts, it has experienced major volatility due to economic and political crises. The currency is now managed to control inflation and stabilize the economy."
THB,"The Thai baht (THB) is the official currency of Thailand:contentReference[oaicite:88]{index=88}. It is issued by the Bank of Thailand. The baht is subdivided into 100 satang. The baht’s history goes back to traditional silver units, but the modern decimal baht (฿1 = 100 satang) was introduced in 1897 under King Chulalongkorn:contentReference[oaicite:89]{index=89}. Thailand was once on a fixed exchange rate to the US dollar, but the baht has floated since the 1997 Asian financial crisis. Banknotes feature the king and national symbols, and coins also feature the reigning monarch. The baht symbol is ฿. Thailand’s economy (agriculture, tourism, manufacturing) helps stabilize the baht; the central bank considers the baht’s exchange rate when setting interest rates."
ILS,"The Israeli new shekel (ILS) is the official currency of Israel and is also legal tender in the Palestinian territories of the West Bank and Gaza:contentReference[oaicite:90]{index=90}. It is issued by the Bank of Israel. The shekel is subdivided into 100 agorot. The new shekel was introduced on 1 January 1986, replacing the old (hyperinflated) shekel at a rate of 1 new shekel = 1,000 old shekels:contentReference[oaicite:91]{index=91}. The currency sign is ₪. Israeli banknotes feature modern historical figures and motifs (e.g., cholent stew, Menorah). Israel’s high-tech economy and low inflation have strengthened the shekel in the global market."
VND,"The Vietnamese đồng (VND) is the official currency of Vietnam:contentReference[oaicite:92]{index=92}. It is issued by the State Bank of Vietnam. The đồng is subdivided into 10 hào or 100 xu (both now obsolete due to inflation). The current đồng was unified as Vietnam’s currency on 3 May 1978, replacing the separate North and South Vietnamese currencies after reunification:contentReference[oaicite:93]{index=93}. Vietnam experienced very high inflation in the 1980s and 1990s, which drastically reduced the đồng’s value. Today, coins are seldom used; the economy relies on banknotes for all transactions and increasing use of electronic payments. Vietnam’s rapid industrial growth (electronics, footwear) is gradually increasing the đồng’s usage in trade."

